{
  "project_info": {
    "project_number": "5840632505",
    "project_id": "exp9-3c4f6",
    "storage_bucket": "exp9-3c4f6.appspot.com"
  },
  "client": [
    {
      "client_info": {
        "mobilesdk_app_id": "1:5840632505:android:1455f0a965f28b93287968",
        "android_client_info": {
          "package_name": "com.example.exp9"
        }
      },
      "oauth_client": [],
      "api_key": [
        {
          "current_key": "AIzaSyCalK3ZotidyIxI_DT43LIdabr4QxKLuKY"
        }
      ],
      "services": {
        "appinvite_service": {
          "other_platform_oauth_client": []
        }
      }
    }
  ],
  "configuration_version": "1"
}